"is,1
"théorie,1
(/be?z/;,1
(1763).,1
(alternatively,1
,,1
1701–1761),,1
1812,1
a,4
account
,1
accurately,1
after,1
age,1
age,,1
age.
,1
algorithm,1
allows,1
an,4
analytique,1
and,2
applications,1
applied,,1
approach,1
assess,1
assessment,1
availability,1
axiomatic,1
based,1
basis.,1
bayes,1
bayes',4
bayesian,4
bayes’,5
be,2
belief,1
beliefs,1
by,1
can,1
cancer,2
cancer,,1
chances,1
change,1
compared,1
conditions,1
degree,1
des,1
describes,1
developed,1
different,1
doctrine,1
equation,1
essay,1
event,
,1
event.
,1
evidence,1
evidence.,1
example,,1
expresses,1
first,2
for,2
formulation,2
fundamental,1
further,1
geometry".[1]
,1
harold,1
have,2
his,2
how,1
if,1
in,5
inference,1
inference,,1
inference.
,1
interpretation,1
interpretations.
,1
involved,1
is,5
it,1
jeffreys,2
knowledge,2
laplace's,1
laplace,,1
law,1
made,1
many,1
may,1
might,1
modern,1
more,1
named,1
new,1
of,11
on,2
one,1
or,1
particular,1
person's,1
person’s,1
pierre-simon,1
prior,1
probabilities,1
probability,6
probability
,1
probabilités".,1
problem,1
provided,1
published,1
put,1
pythagorean,1
rationally,1
related,3
reverend,1
rule),1
should,1
sir,1
solving,1
statistical,1
statistics,,1
statistics.
,1
subjective,1
that,4
the,14
then,,1
theorem,8
theory,2
they,1
thomas,1
to,10
towards,1
update,1
used,1
using,1
was,1
what,1
when,1
who,2
with,1
without,1
wrote,1
"is,1
"théorie,1
(/be?z/;,1
(1763).,1
(alternatively,1
,,1
1701–1761),,1
1812,1
a,4
account
,1
accurately,1
after,1
age,1
age,,1
age.
,1
algorithm,1
allows,1
an,4
analytique,1
and,2
applications,1
applied,,1
approach,1
assess,1
assessment,1
availability,1
axiomatic,1
based,1
basis.,1
bayes,1
bayes',4
bayesian,4
bayes’,5
be,2
belief,1
beliefs,1
by,1
can,1
cancer,2
cancer,,1
chances,1
change,1
compared,1
conditions,1
degree,1
des,1
describes,1
developed,1
different,1
doctrine,1
equation,1
essay,1
event,
,1
event.
,1
evidence,1
evidence.,1
example,,1
expresses,1
first,2
for,2
formulation,2
fundamental,1
further,1
geometry".[1]
,1
harold,1
have,2
his,2
how,1
if,1
in,5
inference,1
inference,,1
inference.
,1
interpretation,1
interpretations.
,1
involved,1
is,5
it,1
jeffreys,2
knowledge,2
laplace's,1
laplace,,1
law,1
made,1
many,1
may,1
might,1
modern,1
more,1
named,1
new,1
of,11
on,2
one,1
or,1
particular,1
person's,1
person’s,1
pierre-simon,1
prior,1
probabilities,1
probability,6
probability
,1
probabilités".,1
problem,1
provided,1
published,1
put,1
pythagorean,1
rationally,1
related,3
reverend,1
rule),1
should,1
sir,1
solving,1
statistical,1
statistics,,1
statistics.
,1
subjective,1
that,4
the,14
then,,1
theorem,8
theory,2
they,1
thomas,1
to,10
towards,1
update,1
used,1
using,1
was,1
what,1
when,1
who,2
with,1
without,1
wrote,1
"is,1
"théorie,1
(/be?z/;,1
(1763).,1
(alternatively,1
,,1
1701–1761),,1
1812,1
a,4
account,1
accurately,1
after,1
age,1
age,,1
age.,1
algorithm,1
allows,1
an,4
analytique,1
and,2
applications,1
applied,,1
approach,1
assess,1
assessment,1
availability,1
axiomatic,1
based,1
basis.,1
bayes,1
bayes',4
bayesian,4
bayes’,5
be,2
belief,1
beliefs,1
by,1
can,1
cancer,2
cancer,,1
chances,1
change,1
compared,1
conditions,1
degree,1
des,1
describes,1
developed,1
different,1
doctrine,1
equation,1
essay,1
event,,1
event.,1
evidence,1
evidence.,1
example,,1
expresses,1
first,2
for,2
formulation,2
fundamental,1
further,1
geometry".[1],1
harold,1
have,2
his,2
how,1
if,1
in,5
inference,1
inference,,1
inference.,1
interpretation,1
interpretations.,1
involved,1
is,5
it,1
jeffreys,2
knowledge,2
laplace's,1
laplace,,1
law,1
made,1
many,1
may,1
might,1
modern,1
more,1
named,1
new,1
of,11
on,2
one,1
or,1
particular,1
person's,1
person’s,1
pierre-simon,1
prior,1
probabilities,1
probability,7
probabilités".,1
problem,1
provided,1
published,1
put,1
pythagorean,1
rationally,1
related,3
reverend,1
rule),1
should,1
sir,1
solving,1
statistical,1
statistics,,1
statistics.,1
subjective,1
that,4
the,14
then,,1
theorem,8
theory,2
they,1
thomas,1
to,10
towards,1
update,1
used,1
using,1
was,1
what,1
when,1
who,2
with,1
without,1
wrote,1
